<?xml version="1.0" encoding="UTF-8"?>
<access-roles xmlns="http://www.demandware.com/xml/impex/accessrole/2007-09-05">
    <access-role role-id="SalesChannel_WebDAV">
        <description>This role provides WebDAV access to the default feeds location for Sales Channel</description>
        <access-controls>
            <access-control resource-path="LOCALES/default" permission="READONLY"/>
            <access-control resource-path="WEBDAV/Sites/IMPEX/src/feeds/export" permission="ACCESS"/>
        </access-controls>
    </access-role>
</access-roles>

