<?xml version="1.0" encoding="UTF-8"?>
<custom-objects xmlns="http://www.demandware.com/xml/impex/customobject/2006-10-31">
    <custom-object type-id="RecipeViewTypes" object-id="homeFeaturedDesktop">
        <object-attribute attribute-id="ACTIVE">true</object-attribute>
        <object-attribute attribute-id="DESCRIPTION">Featured product image displayed on the homepage for desktop devices.</object-attribute>
        <object-attribute attribute-id="DEVICE">desktop</object-attribute>
        <object-attribute attribute-id="HEIGHT">340</object-attribute>
        <object-attribute attribute-id="IMAGEFORMAT">png-alpha</object-attribute>
        <object-attribute attribute-id="IMAGEPREF">laydown</object-attribute>
        <object-attribute attribute-id="NAME">Homepage Featured</object-attribute>
        <object-attribute attribute-id="PAGE">home-page</object-attribute>
        <object-attribute attribute-id="SEQUENCE">100</object-attribute>
        <object-attribute attribute-id="WIDTH">278</object-attribute>
    </custom-object>

    <custom-object type-id="RecipeViewTypes" object-id="homeBestSellerDesktop">
        <object-attribute attribute-id="ACTIVE">false</object-attribute>
        <object-attribute attribute-id="DESCRIPTION">Best-selling / cross product image displayed on the homepage for desktop devices.</object-attribute>
        <object-attribute attribute-id="DEVICE">desktop</object-attribute>
        <object-attribute attribute-id="HEIGHT">193</object-attribute>
        <object-attribute attribute-id="IMAGEFORMAT">png-alpha</object-attribute>
        <object-attribute attribute-id="IMAGEPREF">laydown</object-attribute>
        <object-attribute attribute-id="NAME">Homepage Best Selling</object-attribute>
        <object-attribute attribute-id="PAGE">home-page</object-attribute>
        <object-attribute attribute-id="SEQUENCE">200</object-attribute>
        <object-attribute attribute-id="WIDTH">158</object-attribute>
    </custom-object>

    <custom-object type-id="RecipeViewTypes" object-id="homeBestSellerMobile">
        <object-attribute attribute-id="ACTIVE">false</object-attribute>
        <object-attribute attribute-id="DESCRIPTION">Best-selling / cross product image displayed on the homepage for mobile devices.</object-attribute>
        <object-attribute attribute-id="DEVICE">mobile</object-attribute>
        <object-attribute attribute-id="HEIGHT">227</object-attribute>
        <object-attribute attribute-id="IMAGEFORMAT">png-alpha</object-attribute>
        <object-attribute attribute-id="IMAGEPREF">laydown</object-attribute>
        <object-attribute attribute-id="NAME">Homepage Best Selling</object-attribute>
        <object-attribute attribute-id="PAGE">home-page</object-attribute>
        <object-attribute attribute-id="SEQUENCE">300</object-attribute>
        <object-attribute attribute-id="WIDTH">186</object-attribute>
    </custom-object>

    <custom-object type-id="RecipeViewTypes" object-id="gridTileDesktop">
        <object-attribute attribute-id="ACTIVE">true</object-attribute>
        <object-attribute attribute-id="DESCRIPTION">Standard product image grid-tile for desktop devices.</object-attribute>
        <object-attribute attribute-id="DEVICE">desktop</object-attribute>
        <object-attribute attribute-id="HEIGHT">307</object-attribute>
        <object-attribute attribute-id="IMAGEFORMAT">jpg</object-attribute>
        <object-attribute attribute-id="IMAGEPREF">model</object-attribute>
        <object-attribute attribute-id="NAME">Product Grid Tile</object-attribute>
        <object-attribute attribute-id="PAGE">product-grid</object-attribute>
        <object-attribute attribute-id="SEQUENCE">400</object-attribute>
        <object-attribute attribute-id="WIDTH">294</object-attribute>
    </custom-object>

    <custom-object type-id="RecipeViewTypes" object-id="gridTileMobile">
        <object-attribute attribute-id="ACTIVE">true</object-attribute>
        <object-attribute attribute-id="DESCRIPTION">Standard product image grid-tile for mobile devices.</object-attribute>
        <object-attribute attribute-id="DEVICE">mobile</object-attribute>
        <object-attribute attribute-id="HEIGHT">370</object-attribute>
        <object-attribute attribute-id="IMAGEFORMAT">png-alpha</object-attribute>
        <object-attribute attribute-id="IMAGEPREF">model</object-attribute>
        <object-attribute attribute-id="NAME">Product Grid Tile</object-attribute>
        <object-attribute attribute-id="PAGE">product-grid</object-attribute>
        <object-attribute attribute-id="SEQUENCE">500</object-attribute>
        <object-attribute attribute-id="WIDTH">260</object-attribute>
    </custom-object>

    <custom-object type-id="RecipeViewTypes" object-id="categoryBestSellerMobile">
        <object-attribute attribute-id="ACTIVE">false</object-attribute>
        <object-attribute attribute-id="DESCRIPTION">Best-selling / cross product image displayed on category landing pages for mobile devices.</object-attribute>
        <object-attribute attribute-id="DEVICE">mobile</object-attribute>
        <object-attribute attribute-id="HEIGHT">228</object-attribute>
        <object-attribute attribute-id="IMAGEFORMAT">png-alpha</object-attribute>
        <object-attribute attribute-id="IMAGEPREF">laydown</object-attribute>
        <object-attribute attribute-id="NAME">Category Landing Best Seller</object-attribute>
        <object-attribute attribute-id="PAGE">category-landing</object-attribute>
        <object-attribute attribute-id="SEQUENCE">600</object-attribute>
        <object-attribute attribute-id="WIDTH">185</object-attribute>
    </custom-object>

    <custom-object type-id="RecipeViewTypes" object-id="categoryBestSellerDesktop">
        <object-attribute attribute-id="ACTIVE">false</object-attribute>
        <object-attribute attribute-id="DESCRIPTION">Best-selling / cross product image displayed on category landing pages for desktop devices.</object-attribute>
        <object-attribute attribute-id="DEVICE">desktop</object-attribute>
        <object-attribute attribute-id="HEIGHT">175</object-attribute>
        <object-attribute attribute-id="IMAGEFORMAT">png-alpha</object-attribute>
        <object-attribute attribute-id="IMAGEPREF">laydown</object-attribute>
        <object-attribute attribute-id="NAME">Category Landing Best Seller</object-attribute>
        <object-attribute attribute-id="PAGE">category-landing</object-attribute>
        <object-attribute attribute-id="SEQUENCE">700</object-attribute>
        <object-attribute attribute-id="WIDTH">145</object-attribute>
    </custom-object>

    <custom-object type-id="RecipeViewTypes" object-id="categoryFeaturedMobile">
        <object-attribute attribute-id="ACTIVE">false</object-attribute>
        <object-attribute attribute-id="DESCRIPTION">Featured product image displayed on category landing pages for mobile devices.</object-attribute>
        <object-attribute attribute-id="DEVICE">mobile</object-attribute>
        <object-attribute attribute-id="HEIGHT">157</object-attribute>
        <object-attribute attribute-id="IMAGEFORMAT">jpg</object-attribute>
        <object-attribute attribute-id="IMAGEPREF">laydown</object-attribute>
        <object-attribute attribute-id="NAME">Category Landing Featured</object-attribute>
        <object-attribute attribute-id="PAGE">category-landing</object-attribute>
        <object-attribute attribute-id="SEQUENCE">800</object-attribute>
        <object-attribute attribute-id="WIDTH">157</object-attribute>
    </custom-object>

    <custom-object type-id="RecipeViewTypes" object-id="pdpZoomDesktop">
        <object-attribute attribute-id="ACTIVE">true</object-attribute>
        <object-attribute attribute-id="DESCRIPTION">Standard product detail zoom-image for desktop devices.</object-attribute>
        <object-attribute attribute-id="DEVICE">desktop</object-attribute>
        <object-attribute attribute-id="HEIGHT">1500</object-attribute>
        <object-attribute attribute-id="IMAGEFORMAT">jpg</object-attribute>
        <object-attribute attribute-id="IMAGEPREF">model</object-attribute>
        <object-attribute attribute-id="NAME">Product Detail Zoom Image</object-attribute>
        <object-attribute attribute-id="PAGE">product-detail</object-attribute>
        <object-attribute attribute-id="SEQUENCE">900</object-attribute>
        <object-attribute attribute-id="WIDTH">1500</object-attribute>
    </custom-object>

    <custom-object type-id="RecipeViewTypes" object-id="pdpMainDesktop">
        <object-attribute attribute-id="ACTIVE">true</object-attribute>
        <object-attribute attribute-id="DESCRIPTION">Standard product detail main / default image for desktop devices.</object-attribute>
        <object-attribute attribute-id="DEVICE">desktop</object-attribute>
        <object-attribute attribute-id="HEIGHT">580</object-attribute>
        <object-attribute attribute-id="IMAGEFORMAT">jpg</object-attribute>
        <object-attribute attribute-id="IMAGEPREF">model</object-attribute>
        <object-attribute attribute-id="NAME">Product Detail Main Image</object-attribute>
        <object-attribute attribute-id="PAGE">product-detail</object-attribute>
        <object-attribute attribute-id="SEQUENCE">1000</object-attribute>
        <object-attribute attribute-id="WIDTH">635</object-attribute>
    </custom-object>

    <custom-object type-id="RecipeViewTypes" object-id="pdpMainMobile">
        <object-attribute attribute-id="ACTIVE">true</object-attribute>
        <object-attribute attribute-id="DESCRIPTION">Standard product detail main / default image for mobile devices.</object-attribute>
        <object-attribute attribute-id="DEVICE">mobile</object-attribute>
        <object-attribute attribute-id="HEIGHT">620</object-attribute>
        <object-attribute attribute-id="IMAGEFORMAT">png-alpha</object-attribute>
        <object-attribute attribute-id="IMAGEPREF">model</object-attribute>
        <object-attribute attribute-id="NAME">Product Detail Main Image</object-attribute>
        <object-attribute attribute-id="PAGE">product-detail</object-attribute>
        <object-attribute attribute-id="SEQUENCE">1100</object-attribute>
        <object-attribute attribute-id="WIDTH">600</object-attribute>
    </custom-object>

    <custom-object type-id="RecipeViewTypes" object-id="pdpThumbDesktop">
        <object-attribute attribute-id="ACTIVE">true</object-attribute>
        <object-attribute attribute-id="DESCRIPTION">Standard product detail thumbnail image for mobile devices.</object-attribute>
        <object-attribute attribute-id="DEVICE">desktop</object-attribute>
        <object-attribute attribute-id="HEIGHT">47</object-attribute>
        <object-attribute attribute-id="IMAGEFORMAT">png-alpha</object-attribute>
        <object-attribute attribute-id="IMAGEPREF">model</object-attribute>
        <object-attribute attribute-id="NAME">Product Detail Thumbnail Image</object-attribute>
        <object-attribute attribute-id="PAGE">product-detail</object-attribute>
        <object-attribute attribute-id="SEQUENCE">1200</object-attribute>
        <object-attribute attribute-id="WIDTH">45</object-attribute>
    </custom-object>

    <custom-object type-id="RecipeViewTypes" object-id="pdpBestSellerMobile">
        <object-attribute attribute-id="ACTIVE">false</object-attribute>
        <object-attribute attribute-id="DESCRIPTION">Best-selling / cross product image displayed on product detail pages for mobile devices.</object-attribute>
        <object-attribute attribute-id="DEVICE">mobile</object-attribute>
        <object-attribute attribute-id="HEIGHT">225</object-attribute>
        <object-attribute attribute-id="IMAGEFORMAT">png-alpha</object-attribute>
        <object-attribute attribute-id="IMAGEPREF">laydown</object-attribute>
        <object-attribute attribute-id="NAME">Product Detail Best Seller</object-attribute>
        <object-attribute attribute-id="PAGE">product-detail</object-attribute>
        <object-attribute attribute-id="SEQUENCE">1300</object-attribute>
        <object-attribute attribute-id="WIDTH">186</object-attribute>
    </custom-object>

    <custom-object type-id="RecipeViewTypes" object-id="cartMiniDesktop">
        <object-attribute attribute-id="ACTIVE">true</object-attribute>
        <object-attribute attribute-id="DESCRIPTION">Standard mini-cart product image for desktop devices.</object-attribute>
        <object-attribute attribute-id="DEVICE">desktop</object-attribute>
        <object-attribute attribute-id="HEIGHT">100</object-attribute>
        <object-attribute attribute-id="IMAGEFORMAT">png-alpha</object-attribute>
        <object-attribute attribute-id="IMAGEPREF">model</object-attribute>
        <object-attribute attribute-id="NAME">Mini Cart</object-attribute>
        <object-attribute attribute-id="PAGE">cart</object-attribute>
        <object-attribute attribute-id="SEQUENCE">1400</object-attribute>
        <object-attribute attribute-id="WIDTH">100</object-attribute>
    </custom-object>

    <custom-object type-id="RecipeViewTypes" object-id="cartFullDesktop">
        <object-attribute attribute-id="ACTIVE">true</object-attribute>
        <object-attribute attribute-id="DESCRIPTION">Standard shopping cart product image for desktop devices.</object-attribute>
        <object-attribute attribute-id="DEVICE">desktop</object-attribute>
        <object-attribute attribute-id="HEIGHT">260</object-attribute>
        <object-attribute attribute-id="IMAGEFORMAT">jpg</object-attribute>
        <object-attribute attribute-id="IMAGEPREF">model</object-attribute>
        <object-attribute attribute-id="NAME">Standard / Full Cart</object-attribute>
        <object-attribute attribute-id="PAGE">cart</object-attribute>
        <object-attribute attribute-id="SEQUENCE">1500</object-attribute>
        <object-attribute attribute-id="WIDTH">198</object-attribute>
    </custom-object>

    <custom-object type-id="RecipeViewTypes" object-id="cartFullMobile">
        <object-attribute attribute-id="ACTIVE">true</object-attribute>
        <object-attribute attribute-id="DESCRIPTION">Standard shopping cart product image for mobile devices.</object-attribute>
        <object-attribute attribute-id="DEVICE">mobile</object-attribute>
        <object-attribute attribute-id="HEIGHT">140</object-attribute>
        <object-attribute attribute-id="IMAGEFORMAT">jpg</object-attribute>
        <object-attribute attribute-id="IMAGEPREF">model</object-attribute>
        <object-attribute attribute-id="NAME">Standard / Full Cart</object-attribute>
        <object-attribute attribute-id="PAGE">cart</object-attribute>
        <object-attribute attribute-id="SEQUENCE">1600</object-attribute>
        <object-attribute attribute-id="WIDTH">130</object-attribute>
    </custom-object>

    <custom-object type-id="RecipeViewTypes" object-id="standardCrossSellDesktop">
        <object-attribute attribute-id="ACTIVE">true</object-attribute>
        <object-attribute attribute-id="DESCRIPTION">Best-selling / cross product image for desktop devices.</object-attribute>
        <object-attribute attribute-id="DEVICE">desktop</object-attribute>
        <object-attribute attribute-id="HEIGHT">145</object-attribute>
        <object-attribute attribute-id="IMAGEFORMAT">png-alpha</object-attribute>
        <object-attribute attribute-id="IMAGEPREF">laydown</object-attribute>
        <object-attribute attribute-id="NAME">Standard / Full Cart</object-attribute>
        <object-attribute attribute-id="PAGE">global</object-attribute>
        <object-attribute attribute-id="SEQUENCE">1700</object-attribute>
        <object-attribute attribute-id="WIDTH">145</object-attribute>
    </custom-object>

    <custom-object type-id="RecipeViewTypes" object-id="standardProductCarousel">
        <object-attribute attribute-id="ACTIVE">true</object-attribute>
        <object-attribute attribute-id="DESCRIPTION">Standard product carousel treatement for cross-sell layouts.</object-attribute>
        <object-attribute attribute-id="DEVICE">desktop</object-attribute>
        <object-attribute attribute-id="HEIGHT">225</object-attribute>
        <object-attribute attribute-id="IMAGEFORMAT">png-alpha</object-attribute>
        <object-attribute attribute-id="IMAGEPREF">laydown</object-attribute>
        <object-attribute attribute-id="NAME">Standard / Product Carousel</object-attribute>
        <object-attribute attribute-id="PAGE">cart</object-attribute>
        <object-attribute attribute-id="SEQUENCE">1800</object-attribute>
        <object-attribute attribute-id="WIDTH">185</object-attribute>
    </custom-object>

</custom-objects>
